{
  "project_info": {
    "project_number": "606950933874",
    "project_id": "predo-health",
    "storage_bucket": "predo-health.appspot.com"
  },
  "client": [
    {
      "client_info": {
        "mobilesdk_app_id": "1:606950933874:android:1a19c918378b28117809eb",
        "android_client_info": {
          "package_name": "com.example.predohealth"
        }
      },
      "oauth_client": [],
      "api_key": [
        {
          "current_key": "AIzaSyDyAIwAiXLhdwgLnGQK_hbd8gDiODVh57Q"
        }
      ],
      "services": {
        "appinvite_service": {
          "other_platform_oauth_client": []
        }
      }
    }
  ],
  "configuration_version": "1"
}